<layout width="240" height="240" font="futura light bt.ttf" loadFontSize="16" fontColor="f8f8f7">


    <sound type="load"      src="sounds/load.wav"/>
    <sound type="unload"    src="sounds/unload.wav"/>
    <sound type="highlight" src="sounds/highlight.wav"/>
    <sound type="select"    src="sounds/select.wav"/>


	<!--Background Image-->
    <image src="images/bg.png" x="0" y="0" height="stretch" width="stretch" layer="2" dithering="true">
        <onExit>                   <set duration=".2"><animate type="alpha" to="0"/></set></onExit>
        <onMenuExit menuIndex="1"><set duration=".2"><animate type="alpha" to="1"/></set></onMenuExit>
        <onMenuExit  menuIndex="0"><set duration=".2"><animate type="alpha" to="0"/></set></onMenuExit> -
        <onMenuEnter  menuIndex="1"><set duration="0.20"><animate type="alpha" to="0"/></set></onMenuExit>
    </image>
	
	<!-- Background image for games (sub menu) -->
    <image src="images/bg2.png" x="0" y="0" height="stretch" width="stretch" layer="1" dithering="true">
        <onExit>                   <set duration=".3"><animate type="alpha" to="0"/></set></onExit>
        <onMenuExit menuIndex="0"><set duration=".3"><animate type="alpha" to="1"/></set></onMenuExit>
        <onMenuExit  menuIndex="1"><set duration=".3"><animate type="alpha" to="0"/></set></onMenuExit> -
        <onMenuEnter  menuIndex="0"><set duration="0.20"><animate type="alpha" to="0"/></set></onMenuExit>
    </image>

    <!--Battery-->
    <battery reloadPeriod="3" fontColor="262426" alpha="0" x="right" xOrigin="right" xOffset="-5" y="top" yOrigin="center" yOffset="13" layer="14" >
        <onEnter>                   <set duration=".2"><animate type="alpha" to=".9"/></set></onEnter>
        <onExit>                   <set duration=".2"><animate type="alpha" to="0"/></set></onExit>
        <onMenuEnter menuIndex="0"><set duration=".2"><animate type="alpha" to=".9"/></set></onMenuEnter>
        <onMenuExit  menuIndex="0"><set duration=".2"><animate type="alpha" to="0"/></set></onMenuExit>
        <onGameEnter menuIndex="0"><set duration=".2"><animate type="alpha" to="0"/></set></onGameEnter>
        <onGameExit  menuIndex="0"><set duration=".2"><animate type="alpha" to=".9"/></set></onGameEnter>
    </battery>


    <!-----------------MAIN MENU Section----------------->
    <!-- This is the title text that shows at the bottom of the main menu list. -->

    <reloadableImage mode="layout" type="device_W240" alpha="0" x="center" y="center" yOrigin="center" xOrigin="center" layer="3" alpha="1" dithering="true" >
        <onEnter><set duration=".2"><animate type="alpha" to="1" algorithm="easeinquadratic"/></set></onEnter>
        <onExit><set duration=".2"><animate type="alpha" to="0" algorithm="easeinquadratic"/></set></onExit>
        <onMenuEnter menuIndex="0"><set duration=".2"><animate type="alpha" to="1" algorithm="easeinquadratic"/></set></onMenuEnter>
        <onMenuExit menuIndex="0"><set duration=".2"><animate type="alpha" to="0" algorithm="easeinquadratic"/></set></onMenuExit>

        <onHighlightEnter menuIndex="0"><set duration=".2"><animate type="alpha" to="1" algorithm="easeinquadratic"/></set></onHighlightEnter>

        <onMenuScroll menuIndex="0">
            <set duration=".2">
                <animate type="alpha" to="0.0" algorithm="easeinquadratic"/>
            </set>
        </onMenuScroll>
    </reloadableImage>



    <!--Main Menu index 0-->
    <!-- This is the main menu. It is set to show game logo images instead of text -->

    <menu type="custom" mode="layout" imageType="logo_h2" scrollTime=".24" scrollAcceleration=".04" orientation="horizontal" x="center" width="stretch" y="center" yOffset="0" algorithm="easeincircular" alpha="0" >

        <itemDefaults x="center" y="2000" yOrigin="center" xOrigin="center" maxWidth="240" height="20" spacing="10" yOffset="0" alpha="0" fontSize="1" loadFontSize="16" fontColor="4b4f4d" textFallback="false" layer="6"/>

        <!-- In this menu each item is placed. notice that the first and last item of this menu are alpha="0" if this is not done you would see the last time of the menu move to be the first when scrolling. -->

        <item xOffset="-240" alpha="0"/>

        <!-- This is the Selected item of the menu we override the width and alpha here to make it more clear that it is indeed selected  -->
        <!-- we also have animations inplace so that this logo stays visable and moves to another location when entering the sub menu -->
        <item selected="true" layer="7" alpha="1">
            <onExit><set duration=".3"><animate type="alpha" to="0" algorithm="easeinquadratic"/></set></onExit>
            <onGameEnter menuIndex="1"><set duration=".3"><animate type="alpha" to="0"/></set></onGameEnter>
            <onGameExit  menuIndex="1"><set duration=".3"><animate type="alpha" to="0"/></set></onGameEnter>
            <onMenuExit menuIndex="0">
                <set duration=".1">
                    <!-- <animate type="yOffset" from="0" to="-150" algorithm="easeinquadratic"/>
                    <animate type="xOffset" from="0" to="-60" algorithm="easeinquadratic"/> -->
                    <animate type="alpha" to="0"/>
                </set>
            </onMenuExit>
            <onMenuEnter menuIndex="0">
                <set duration=".4">
                    <!-- <animate type="yOffset" from="-150" to="0" algorithm="easeinquadratic"/>
                    <animate type="xOffset" from="-60" to="0" algorithm="easeinquadratic"/> -->
                    <animate type="alpha" to="1"/>
                </set>
            </onMenuEnter>
            <onGameEnter menuIndex="1"><set duration=".1"><animate type="alpha" to="0"/></set></onGameEnter>
            <onGameExit  menuIndex="1"><set duration=".1"><animate type="alpha" to="0"/></set></onGameEnter>
        </item>

        <item xOffset="240" alpha="0"/>
    </menu>



<!-----------------SUB  MENU     ----------------->
    <!--Sub Menu  index 1-->
    <menu type="custom" imageType="artwork_front" scrollTime=".24" scrollAcceleration=".04" orientation="horizontal" x="0" y="center" yOrigin="center" algorithm="easeincircular">
        
        <itemDefaults alpha="1" x="center" y="center" xOrigin="center" yOrigin="center" yOffset="-5" layer="12" width="150" maxHeight="150" textFallback="false" imageFallback="true" />

        <item xOffset="-320" alpha="0"/>

        <item x="center" xOrigin="right" xOffset="-90">
            <onExit>                   <set duration=".3"><animate type="alpha" to="0"/></set></onExit>
            <onMenuEnter menuIndex="1"><set duration=".3"><animate type="alpha" to="1"/></set></onMenuEnter>
            <onMenuExit  menuIndex="1"><set duration=".3"><animate type="alpha" to="0"/></set></onMenuExit>
            <onGameEnter menuIndex="1"><set duration=".3"><animate type="alpha" to="0"/></set></oneGameEnter>
            <onGameExit  menuIndex="1"><set duration=".3"><animate type="alpha" to="1"/></set></oneGameExit>
        </item>

        <item xOffset="0" selected="true" layer="13" fontSize="16" loadFontSize="16">
            <onExit>                   <set duration=".3"><animate type="alpha" to="0"/></set></onExit>
            <onMenuEnter menuIndex="1"><set duration=".3"><animate type="alpha" to="1"/></set></onMenuEnter>
            <onMenuExit  menuIndex="1"><set duration=".3"><animate type="alpha" to="0"/></set></onMenuExit>
            <onGameEnter menuIndex="1"><set duration=".3"><animate type="alpha" to="0"/></set></oneGameEnter>
            <onGameExit  menuIndex="1"><set duration=".3"><animate type="alpha" to="1"/></set></oneGameExit>
        </item>

        <item x="center" xOrigin="left" xOffset="90">
            <onExit>                   <set duration=".3"><animate type="alpha" to="0"/></set></onExit>
            <onMenuEnter menuIndex="1"><set duration=".3"><animate type="alpha" to="1"/></set></onMenuEnter>
            <onMenuExit  menuIndex="1"><set duration=".3"><animate type="alpha" to="0"/></set></onMenuExit>
            <onGameEnter menuIndex="1"><set duration=".3"><animate type="alpha" to="0"/></set></oneGameEnter>
            <onGameExit  menuIndex="1"><set duration=".3"><animate type="alpha" to="1"/></set></oneGameExit>
        </item>

        <item xOffset="320" alpha="0"/>

    </menu>


    <!--Scrollable game title idx 0-->
    <!-- Since we chose the sub menu to display the artwork and not the title, we add here a reloadableTex that will do the job of displaying the title of the game. Notice that this is a special type of reloadableText: a reloadableScrollingText which allows the title to scroll if its size is bigger than its container -->
    <reloadableScrollingText type="title" alpha="0" x="center" xOrigin="center" xOffset="0" y="bottom" yOrigin="center" yOffset="-20" width="193" height="33" menuScrollReload="true" fontSize="16" loadFontSize="16" fontColor="191b1a" direction="horizontal" scrollingSpeed="60" startPosition="0" startTime="1.5" endTime="1.5" layer="13" >
        <onExit>                   <set duration=".3"><animate type="alpha" to="0"/></set></onExit>
        <onMenuEnter menuIndex="1"><set duration=".3"><animate type="alpha" to="1"/></set></onMenuEnter>
        <onMenuExit  menuIndex="1"><set duration=".3"><animate type="alpha" to="0"/></set></onMenuExit>
        <onGameEnter menuIndex="1"><set duration=".3"><animate type="alpha" to="0"/></set></oneGameEnter>
        <onGameExit  menuIndex="1"><set duration=".3"><animate type="alpha" to="1"/></set></oneGameExit>
        <onHighlightExit menuIndex="1"><set duration=".00001"><animate type="alpha" from="0" to="1" algorithm="easeinquadratic"/></set></onHighlightExit>
        <onMenuScroll menuIndex="1">
            <set duration=".00001">
                <animate type="alpha" from="0" to="0" algorithm="easeinquadratic"/>
            </set>
        </onMenuScroll>
        <onHighlightExit menuIndex="1">
            <set duration=".00001">
                <animate type="alpha" from="1" to="1" algorithm="easeinquadratic"/>
            </set>
        </onHighlightExit>
    </reloadableScrollingText>


    <!--Game cover idx 0 -->
    <!-- This is yet again the curently selected game title but not reloadable. It is displayed only when scrolling through games. For a smooth animation, the above reloadableScrollingText is not displayed when scrolling and this one is instead. Notice how tha alpha is set to 1 for the onMenuScrollNext and onMenuScrollPrev events. Notice also the onMenuScroll and onMenuFastScroll animations that will move this text according to the submenu's speed and acceleration. This creates a smooth scrolling effect, like if this text was part of the submenu -->    
    <reloadableText type="title" selectedOffset="0" alpha="0" x="center" xOrigin="center" xOffset="0" y="bottom" yOrigin="center" yOffset="-20" width="193" menuScrollReload="true" fontSize="16" loadFontSize="16" fontColor="191b1a" layer="14" >
        <onExit>                   <set duration=".3"><animate type="alpha" to="0"/></set></onExit>
        <onMenuEnter menuIndex="1"><set duration=".3"><animate type="alpha" to="0"/></set></onMenuEnter>
        <onMenuExit  menuIndex="1"><set duration=".3"><animate type="alpha" to="0"/></set></onMenuExit>
        <onGameEnter menuIndex="1"><set duration=".3"><animate type="alpha" to="0"/></set></oneGameEnter>
        <onGameExit  menuIndex="1"><set duration=".3"><animate type="alpha" to="0"/></set></oneGameExit>
        <onHighlightExit menuIndex="1">
            <set duration=".00001">
                <animate type="alpha" from="0" to="0" algorithm="easeinquadratic"/>
            </set>
            <set duration=".0001">
                <animate type="xOffset" from="0" to="0" algorithm="easeinquadratic"/>
            </set>
        </onHighlightExit>
        <onMenuScroll menuIndex="1">
            <set duration="0">
                <animate type="xoffsetshiftmenudirection" from="0" to="240" algorithm="easeinquadratic"/>
            </set>
        </onMenuScroll>
        <onMenuScrollNext menuIndex="1">
            <set duration=".00001">
                <animate type="alpha" from="1" to="1" algorithm="easeinquadratic"/>
            </set>
        </onMenuScrollNext>
        <onMenuScrollPrev menuIndex="1">
            <set duration=".00001">
                <animate type="alpha" from="1" to="1" algorithm="easeinquadratic"/>
            </set>
        </onMenuScrollPrev>
        <onMenuFastScroll menuIndex="1">
            <set duration="0">
                <animate type="xoffsetshiftmenudirection" from="0" to="240" algorithm="easeinquadratic"/>
            </set>
        </onMenuFastScroll>
    </reloadableText>


    <!-- Game cover idx -1 -->
    <!-- This is the text of the previous game in the list (selectedOffset="-1"). This is only displayed during scrolling animations so that we can see the previous game's name smoothly entering the screen from the left -->
    <reloadableText type="title" selectedOffset="-1" alpha="0" x="center" xOrigin="center" xOffset="-240" y="bottom" yOrigin="center" yOffset="-20" width="193" menuScrollReload="true" fontSize="16" loadFontSize="16" fontColor="191b1a" layer="14" >
        
        <onExit>                   <set duration=".3"><animate type="alpha" to="0"/></set></onExit>
        <onMenuEnter menuIndex="1"><set duration=".3"><animate type="alpha" to="1"/></set></onMenuEnter>
        <onMenuExit  menuIndex="1"><set duration=".3"><animate type="alpha" to="0"/></set></onMenuExit>
        <onGameEnter menuIndex="1"><set duration=".3"><animate type="alpha" to="0"/></set></oneGameEnter>
        <onGameExit  menuIndex="1"><set duration=".3"><animate type="alpha" to="1"/></set></oneGameExit>
        <onHighlightExit menuIndex="1">
            <set duration=".00001">
                <animate type="xOffset" from="-240" to="-240" algorithm="easeinquadratic"/>
            </set>
        </onHighlightExit>
        <onMenuScroll menuIndex="1">
            <set duration="0">
                <animate type="xoffsetshiftmenudirection" from="-240" to="240" algorithm="easeinquadratic"/>
            </set>
        </onMenuScroll>
        <onMenuFastScroll menuIndex="1">
            <set duration="0">
                <animate type="xoffsetshiftmenudirection" from="-240" to="240" algorithm="easeinquadratic"/>
            </set>
        </onMenuFastScroll>
    </reloadableText>


    <!--Game cover idx +1 -->
    <!-- This is the text of the next game in the list (selectedOffset="1"). This is only displayed during scrolling animations so that we can see the next game's name smoothly entering the screen from the right -->
    <reloadableText type="title" selectedOffset="1" alpha="0" x="center" xOrigin="center" xOffset="240" y="bottom" yOrigin="center" yOffset="-20" width="193" menuScrollReload="true" fontSize="16" loadFontSize="16" fontColor="191b1a" layer="14" >
        
        <onExit>                   <set duration=".3"><animate type="alpha" to="0"/></set></onExit>
        <onMenuEnter menuIndex="1"><set duration=".3"><animate type="alpha" to="1"/></set></onMenuEnter>
        <onMenuExit  menuIndex="1"><set duration=".3"><animate type="alpha" to="0"/></set></onMenuExit>
        <onGameEnter menuIndex="1"><set duration=".3"><animate type="alpha" to="0"/></set></oneGameEnter>
        <onGameExit  menuIndex="1"><set duration=".3"><animate type="alpha" to="1"/></set></oneGameExit>
        <onHighlightExit menuIndex="1">
            <set duration=".00001">
                <animate type="xOffset" from="240" to="240" algorithm="easeinquadratic"/>
            </set>
        </onHighlightExit>
        <onMenuScroll menuIndex="1">
            <set duration="0">
                <animate type="xoffsetshiftmenudirection" from="240" to="240" algorithm="easeinquadratic"/>
            </set>
        </onMenuScroll>
        <onMenuFastScroll menuIndex="1">
            <set duration="0">
                <animate type="xoffsetshiftmenudirection" from="240" to="240" algorithm="easeinquadratic"/>
            </set>
        </onMenuFastScroll>
    </reloadableText>


    <!-- System name -->
    <reloadableImage mode="systemlayout" type="logo_h20" alpha="0" x="center" xOrigin="center" y="16" height="35" yOrigin="center" layer="17">
        <onExit> <set duration=".3"><animate type="alpha" to="0" algorithm="easeincubic"/></set></onExit>
        <onGameEnter menuIndex="1"><set duration=".3"><animate type="alpha" to="0"/></set></onGameEnter>
        <onGameExit  menuIndex="1"><set duration=".3"><animate type="alpha" to="1"/></set></onGameEnter>
        <onMenuExit menuIndex="0"><set duration=".001"><animate type="alpha" to="1" algorithm="easeinquadratic"/></set></onMenuExit>
        <onMenuExit  menuIndex="1"><set duration=".3"><animate type="alpha" to="0"/></set></onMenuExit>
    </reloadableImage>






</layout>
